pubkey,signature_count,bias_score,is_biased,first_txid,sample_r
0266851cd12220d09ee1bfa1096b6efa25870d8cabea255f483d8c763d010775a6,10,0.0,False,d570a31cefa9dea2552de883b819621d179f5fb99088539c30dc6ceecb10d2f4,f313d80387ef619e
027bc172c55096af16c4e7d33503eaf445d380063f67d3d4ba1c8014f17e56bc78,9,0.0,False,62db1f75e89b82f41dfb0f7ecac2e2ea937970375ec9b982765c3f89c80dd041,9a46db06a7366d85
0319eb6e797b052c37934dee8c4ec07e1ab2321e66d076e4752770dbaaa710ea57,9,0.0,False,382409f09d2669705911172e63a11b8406f0590e84161c7a582066c0c868d563,4555b2c0501a727d
033dbc388ed3af3fd907f4a08e85f5e7daf95bde19bc8e8b5dfd480d7bddbdde6c,9,0.0,False,82d0aa4bac1a0c23701257c5c198ca3d5887c6f86d2e991cca81f0a073f11a84,7f6883dc3376f5f9
026133cb52d3a1ebdd5f220a5b62af7909c42596d643bba8509abfdaa47b47e810,7,0.0,False,2be24ca91a6070db2d4305818ba696fe22d230337836523f434f5ebe22bd5d49,1cc21e520c23df3f
020f32eba89370898e7fad706303152c2b811e585be98af90633d1ed8137fe531e,6,0.0,False,769f4d0ee4388861377787193f9c4dd8469aa08a69d7aa3dc7d8a1d992b72665,fc1a8c804e892827
0273927b55fc70b8157b8f041a797750a4d6eac8fe3468d56d26098c8903cf8dfc,6,0.0,False,3c61e8dbd4957343d3b1f7c57a8a929f073a8686baf6ec55aa6014a4533aa41b,3dc8e70235f27432
028ee74579ae1ea8eeb2b6aa2d8d0496aaabcfbd1dbcf0befceb2096d75642918d,6,0.0,False,3ea004ad1d1fc5b15ffa982473a56ba88daf99949b16c4f06ce240d6e19ec607,bf08cdd54f2fab6c
03c666b5021f0058fa4059f8bbb52355ec57e3c58ba33942a63ba5e184fcc1b6ec,6,0.0,False,b52f4147ed69ec7a1b7b45965cfc4ffad4b97155d418f2fb7ef9fe3b9ba3544b,b2732abdb1d5b309
03edf82e616ea1659a73572639db5d6555f52937c40d58aca751c591c59c6b5219,6,0.0,False,3f92c9f90a1d0bdd727a4c0549a7503604fc6f059aa57f84eb130e3743c76626,0562dac27b96f4f7
03fc122a0704f6138a3f03084d2bb8c03401e39122befe21d304e8813e87cd94e1,6,0.0,False,5c6823d1d9e2ed6192e1e13e762ecceb597ff72c2a7ce8aec0b64ca75cf137e4,6d8bf635bf9fe473
034432cb49edf1837cdd181d9b85db8a093776c158e24728dd75676f4cb611321a,5,0.0,False,556d0f4f1faf9f9cfbaf66fca31dd5b48c75893b53c85c5f574927346551c817,6ec694505f4d9f8f
02351e66dc1c059795f95be77f32093b3a67b8575958f3886439e48a6627a3bf64,4,0.0,False,3a639d0e6f5d4445affde7ee51916e1864fc5886bc49afc77731d69f4d622857,1b27fc06a301c1da
03d94ed4481af9c2fde9950f9739395cf27109aa6509b80a2a0b234aeaa89724c0,4,0.0,False,c608420599760d9421c237f05d4a41f2d9113c445ceac0ec5a2c8ca86dc236a1,c124986a014691e8
03f34a384f7596ffef4055a246a4cc5a7b454ccb7203496c25a23ed525b0a3333b,4,0.0,False,1085b6f49589213131df6ed4d4508089a5abc38a27501a880b2442901bf97b4c,edf378a8f9685a88
03775baf9aa97b31f36b11249711459c5eae490a630b22f697811d8a6014c37adc,3,0.0,False,1b84cff35061e6679b98e23ffe72753a895882af33e14d09ee59f3391ce7fda2,cc337b083a075a72
